      Date ;Completion OO-10 Oil Rate (Cal. Day) bbl/d ;Completion OO-16 Oil Rate (Cal. Day) bbl/d ;Completion OO-9 Oil Rate (Cal. Day) bbl/d ;Completion PN2-10 Oil Rate (Cal. Day) bbl/d ;Completion PN3-1 Oil Rate (Cal. Day) bbl/d ;Completion PN3-10 Oil Rate (Cal. Day) bbl/d ;Completion PN3-11X Oil Rate (Cal. Day) bbl/d ;Completion PN3-12 Oil Rate (Cal. Day) bbl/d ;Completion PN3-15 Oil Rate (Cal. Day) bbl/d ;Completion PN3-18 Oil Rate (Cal. Day) bbl/d ;Completion PN3-19 Oil Rate (Cal. Day) bbl/d ;Completion PN3-20DST Oil Rate (Cal. Day) bbl/d ;Completion PN3-21 Oil Rate (Cal. Day) bbl/d ;Completion PN3-22 Oil Rate (Cal. Day) bbl/d ;Completion PN3-23 Oil Rate (Cal. Day) bbl/d ;Completion PN3-24 Oil Rate (Cal. Day) bbl/d ;Completion PN3-25D Oil Rate (Cal. Day) bbl/d ;Completion PN3-26DBP Oil Rate (Cal. Day) bbl/d ;Completion PN3-3 Oil Rate (Cal. Day) bbl/d ;Completion PN8-15A Oil Rate (Cal. Day) bbl/d ;Completion PN8-16 Oil Rate (Cal. Day) bbl/d ;Completion PN8-17X Oil Rate (Cal. Day) bbl/d ;Completion PN8-18 Oil Rate (Cal. Day) bbl/d ;Completion PN8-19 Oil Rate (Cal. Day) bbl/d ;Completion PN8-20 Oil Rate (Cal. Day) bbl/d ;Completion PN8-22 Oil Rate (Cal. Day) bbl/d ;Completion PN8-23ST Oil Rate (Cal. Day) bbl/d ;Completion PN8-24 Oil Rate (Cal. Day) bbl/d ;Completion PN8-25 Oil Rate (Cal. Day) bbl/d ;Completion PN8-3 Oil Rate (Cal. Day) bbl/d ;Completion PN8-3A Oil Rate (Cal. Day) bbl/d ;Completion PN8-4 Oil Rate (Cal. Day) bbl/d ;Completion PN8-4A Oil Rate (Cal. Day) bbl/d ;Completion PN8-6 Oil Rate (Cal. Day) bbl/d ;Completion PN8-7 Oil Rate (Cal. Day) bbl/d ;Completion PN8-7A Oil Rate (Cal. Day) bbl/d ;Completion PN8-8 Oil Rate (Cal. Day) bbl/d 
1/08/1976;;;725;;;;;;;;;;;;;;;;;;;;;;;;;;;;;;;;;;
1/09/1976;;;504;;;;;;;;;;;;;;;;;;;;;;;;;;;;;;;;;;
1/10/1976;;;385;;;;;;;;;;;;;;;;;;;;;;;;;;;;;;;;;;
1/11/1976;;;520;;;;;;;;;;;;;;;;;;;;;;;;;;;;;;;;;;
1/12/1976;;;408;;;;;;;;;;;;;;;;;;;;;;;;;;;;;;;;;;
1/01/1977;1105;;420;;;;;;;;;;;;;;;;;;;;;;;;;;;;;;;;;;
1/02/1977;643;;745;;;;;;;;;;;;;;;;;;;;;;;;;;;;;;;;;;
1/03/1977;549;;504;;;;;;;;;;;;;;;;;;;;;;;;;;;;;;;;;;
1/04/1977;565;;120;;;;;;;;;;;;;;;;;;;;;;;;;;;;;;;;;;
1/05/1977;477;108;117;;;;;;;;;;;;;;;;;;;;;;;;;;;;;;;;;;
1/06/1977;432;114;101;;;;;;;;;;;;;;;;;;;;;;;;;;;;;;;;;;
1/07/1977;386;52;109;;;;;;;;;;;;;;;;;;;;;;;;;;;;;;;;;;
1/08/1977;228;205;95;;;;;;;;;;;;;;;;;;;;;;;;;;;;;;;;;;
1/09/1977;351;;151;;;;;;;;;;;;;;;;;;;;;;;;;;;;;;;;;;
1/10/1977;361;;71;;;;;;;;;;;;;;;;;;;;;;;;;;;;;;;;;;
1/11/1977;306;142;37;;;;;;;;;;;;;;;;;;;;;;;;;;;;;;;;;;
1/12/1977;334;61;50;;;;;;;;;;;;;;;;;;;;;;;;;;;;;;;;;;
1/01/1978;343;;53;;;;;;;;;;;;;;;;;;;;;;;;;;;;;;;;;;
1/02/1978;296;;104;;;;;;;;;;;;;;;;;;;;;;;;;;;;;;;;;;
1/03/1978;304;;67;;;;;;;;;;;;;;;;;;;;;;;;;;;;;;;;;;
1/04/1978;331;48;46;;;;;;;;;;;;;;;;;;;;;;;;;;;;;;;;;;
1/05/1978;306;127;40;;;;;;;;;;;;;;;;;;;;;;;;;;;;;;;;;;
1/06/1978;328;29;44;;;;;;;;;;;;;;;;;;;;;;;;;;;;;;;;;;
1/07/1978;300;22;44;;;;;;;;;;;;;;;;;;;;;;;;;;;;;;;;;;
1/08/1978;295;34;74;;;;;;;;;;;;;;;;;;;;;;;;;;;;;;;;;;
1/09/1978;286;30;62;;;;;;;;;;;;;;;;;;;;;;;;;;;;;;;;;;
1/10/1978;295;31;95;;;;;;;;;;;;;;;;;;;;;;;;;;;;;;;;;;
1/11/1978;267;28;53;;;;;;;;;;;;;;;;;;;;;;;;;;;;;;;;;;
1/12/1978;304;35;34;;;;;;;;;;;;;;;;;;;;;;;;;;;;;;;;;;
1/01/1979;289;23;50;;;;;;;;;;;;;;;;;;;;;;;;;;;;;;;;;;
1/02/1979;289;25;56;;;;;;;;;;;;;;;;;;;;;;;;;;;;;;;;;;
1/03/1979;267;12;50;;;;;;;;;;;;;;;;;;;;;;;;;;;;;;;;;;
1/04/1979;246;77;50;;;;;;;;;;;;;;;;;;;;;;;;;;;;;;;;;;
1/05/1979;227;77;53;;;;;;;;;;;;;;;;;;;;;;;;;;;;;;;;;;
1/06/1979;228;74;49;;;;;;;;;;;;;;;;;;;;;;;;;;;;;;;;;;
1/07/1979;233;72;50;;;;;;;;;;;;;;;;;;;;;;;;;;;;;;;;;;
1/08/1979;262;26;52;;;;;;;;;;;;;;;;;;;;;;;;;;;;;;;;;;
1/09/1979;280;21;49;;;;;;;;;;;;;;;;;;;;;;;;;;;;;;;;;;
1/10/1979;216;20;52;;;;;;;;;;;;;;;;;;;;;;;;;;;;;;;;;;
1/11/1979;262;10;66;;;;;;;;;;;;;;;;;;;;;;;;;;;;;;;;;;
1/12/1979;229;8;40;;;;;;;;;;;;;;;;;;;;;;;;;;;;;;;;;;
1/01/1980;209;22;77;;;;;;;;;;;;;;;;;;;;;;;;;;;;;;;;;;
1/02/1980;213;;72;;;;;;;;;;;;;;;;;;;;;;;;;;;;;;;;;;
1/03/1980;197;;67;;;;;;;;;;;;;;;;;;;;;;;;;;;;;;;;;;
1/04/1980;202;;77;;;;;;;;;;;;;;;;;;;;;;;;;;;;;;;;;;
1/05/1980;169;;52;;;;;;;;;;;;;;;;;;;;;;;;;;;;;;;;;;
1/06/1980;194;;3;;;;;;;;;;;;;;;;;;;;;;;;;;;;;;;;;;
1/07/1980;148;;;;;;;;;;;;;;;;;;;;;;;;;;;;;;;;;;;;
1/08/1980;162;;;;;;;;;;;;;;;;;;;;;;;;;;;;;;;;;;;;
1/09/1980;96;82;;;;;;;;;;;;;;;;;;;;;;;;;;;;;;;;;;;
1/10/1980;152;100;;;;;;;;;;;;;;;;;;;;;;;;;;;;;;;;;;;
1/11/1980;144;;182;;;;;;;;;;;;;;;;;;;;;;;;;;;;;;;;;;
1/12/1980;38;;120;;;;;;;;;;;;;;;;;;;;;;;;;;;;;;;;;;
1/01/1981;113;;88;;;;;;;;;;;;;;;;;;;;;;;;;;;;;;;;;;
1/02/1981;17;;63;;;;;;;;;;;;;;;;;;;;;;;;;;;;;;;;;;
1/03/1981;84;;22;;;;;;;;;;;;;;;;;;;;;;;;;;;;;;;;;;
1/04/1981;58;;23;;;;;;;;;;;;;;;;;;;;;;;;;;;;;;;;;;
1/05/1981;;;25;;;;;;;;;;;;;;;;;;;;;;;;;;;;;;;;;;
1/06/1981;;;25;;;;;;;;;;;;;;;;;;;;;;;;;;;;;;;;;;
1/07/1981;42;52;24;;;;;;;;;;;;;;;;;;;;;;;;;;;;;;;;;;
1/08/1981;47;60;14;;;;;;;;;;;;;;;;;;;;;;;;;;;;;;;;;;
1/09/1981;48;;;;;;;;;;;;;;;;;;;;;;;;;;;;;;;;;;;;
1/10/1981;47;;;;;;;;;;;;;;;;;;;;;;;;;;;;;;;;;;;;
1/11/1981;52;;;;;;;;;;;;;;;;;;;;;;;;;;;;;;;;;;;;
1/12/1981;146;46;88;;;;;;;;;;;;;;;;;;;;;;;;;;;;;;;;;;
1/01/1982;188;79;;;;;;;;;;;;;;;;;;;;;;;;;;;;;;;;;;;
1/02/1982;175;;18;;;;;;;;;;;;;;;;;;;;;;;;;;;;;;;;;;
1/03/1982;122;57;130;;;;;;;;;;;;;;;;;;;;;;;;;;;;;;;;;;
1/04/1982;42;17;45;;;;;;;;;;;;;;;;;;;;;;;;;;;;;;;;;;
1/05/1982;54;50;60;;;;;;;;;;;;;;;;;;;;;;;;;;;;;;;;;;
1/06/1982;61;43;90;;;;;;;;;;;;;;;;;;;;;;;;;;;;;;;;;;
1/07/1982;113;43;90;;;;;;;;;;;;;;;;;;;;;;;;;;;;;;;;;;
1/08/1982;130;43;88;;;;;;;;;;;;;;;;;;;;;;;;;;;;;;;;;;
1/09/1982;130;43;51;;;;;;;;;;;;;;;;;;;;;;;;;;;;;;;;;;
1/10/1982;111;23;60;;;;;;;;;;;;;;;;;;;;;;;;;;;;;;;;;;
1/11/1982;79;40;79;;;;;;;;;;;;;;;;;;;;;;;;;;;;;;;;;;
1/12/1982;122;43;61;;;;;;;;;;;;;;;;;;;;;;;;;;;;;;;;;;
1/01/1983;86;40;57;;;;;;;;;;;;;;;;;;;;;;;;;;;;;;;;;;
1/02/1983;92;43;115;;;;;;;;;;;;;;;;;;;;;;;;;;;;;;;;;;
1/03/1983;84;40;109;;;;;;;;;;;;;;;;;;;;;;;;;;;;;;;;;;
1/04/1983;48;41;81;;;;;;;;;;;;;;;;;;;;;;;;;;;;;;;;;;
1/05/1983;13;59;45;;;;;;;;;;;;;;;;;;;;;;;;;;;;;;;;;;
1/06/1983;;53;45;;;;;;;;;;;;;;;;;;;;;;;;;;;;;;;;;;
1/07/1983;;30;114;;;;;;;;;;;;;;;;;;;;;;;;;;;;;;;;;;
1/08/1983;;32;102;;;;;;;;;;;;;;;;;;;;;;;;;;;;;;;;;;
1/09/1983;;9;41;37;;;;;;;;;;;;;;;;;;;;;;;;;;;;;;;;;
1/10/1983;;25;107;35;;;;;;;;;;;;;;;;;;;;;;;;;;;;;;;;;
1/11/1983;;25;52;34;;;;;;;;;;;;;;;;;;;;;;;;;;;;;;;;;
1/12/1983;122;92;24;;;;;;;;;;;;;;;;;;;;;;;;;;;;;;;;;;
1/01/1984;97;42;55;19;;;;;;;;;;;;;;;;;;;;;;;;;;;;;;;;;
1/02/1984;64;84;37;25;;;;;;;;;;;;;;;;;;;;;;;;;;;;;;;;;
1/03/1984;;69;7;;;;;;;;;;;;;;;;;;;;;;;;;;;;;;;;;;
1/04/1984;;39;37;;;;;;;;;;;;;;;;;;;;;;;;;;;;;;;;;;
1/05/1984;;36;17;13;;;;;;;;;;;;;;;;;;;;;;;;;;;;;;;;;
1/06/1984;;7;15;5;;;;;;;;;;;;;;;;;;;;;;;;;;;;;;;;;
1/07/1984;;;16;6;;;;;;;;;;;;;;;;;;;;;;;;;;;;;;;;;
1/08/1984;84;14;;15;;;;;;;;;;;;;;;;;;;;;;;;;;;;;;;;;
1/09/1984;22;48;25;14;;;;;;;;;;;;;;;;;;;;;;;;;;;;;;;;;
1/10/1984;39;43;23;15;;;;;;;;;;;;;;;;;;;;;;;;;;;;;;;;;
1/11/1984;57;42;39;3;;;;;;;;;;;;840;;;;;;;;;;;;;;;;;;;;;
1/12/1984;53;39;41;3;;;;;;;;;218;;;1443;;;;;;;;;;;;;;;;;;;;;
1/01/1985;28;0;44;;;;;;;;;;496;289;;1214;;;;;;;;;;;;;;;;;;;;;
1/02/1985;;0;16;2;;;;;;409;;;422;244;;1091;;;;;;;;;;;;;;;;;;;;;
1/03/1985;8;0;10;;;;;;;258;;;388;143;;906;;;;;;;;;;;;;;;;;;;;;
1/04/1985;3;30;38;;;;;;;192;;;309;130;211;769;;;;;;;;;;;;;;;;;;;;;
1/05/1985;1;7;15;11;;;;;;171;;;361;99;163;717;;;;;;;;;;;;;;;;;;;;;
1/06/1985;2;;4;2;;;;;;173;;;329;97;150;470;;;;;;;;;;;;;;;;;;;;;
1/07/1985;0;18;1;4;;;;;;176;;;350;80;119;515;;;;;;;;;;;;;;;;;;;;;
1/08/1985;17;36;;0;;68;;;;109;;;312;70;101;462;;;;;;;;;;;;;;;;;;;;;
1/09/1985;51;39;1;;;28;;;;141;;;290;72;88;78;;;;;;;;;;;;;;;;;;;;;
1/10/1985;16;36;2;;;42;;;;105;;;248;87;81;337;;;416;;;;;;;;;;;;;;;;;;
1/11/1985;9;37;1;0;;46;;;;36;;;236;62;70;323;;;602;;;;;;;;;;;;;;;;;;
1/12/1985;23;9;8;0;;37;77;;;201;;;201;44;35;396;;;364;;;;;;;;;;;;;;;;;;
1/01/1986;15;10;11;0;;51;138;;;261;;;216;56;59;357;;;422;;;;;;;;;;;;;;;;;;
1/02/1986;48;15;5;0;92;37;121;;;272;;;209;138;41;361;;;272;;;;;;;;;;;;;;;;;;
1/03/1986;35;1;4;2;406;32;62;;;98;;;208;79;37;376;;;267;;;;;;;;;;;;;;;;;;
1/04/1986;64;4;5;;434;0;45;;;76;;;201;32;24;352;;;250;;;;;;;;;;;;;;;;;;
1/05/1986;58;1;3;;283;55;19;;;49;;;301;14;23;318;;;244;;;;;;;;;;;;;;;;;;
1/06/1986;45;39;2;0;271;65;21;;;75;;;187;35;51;351;;;144;;;;;;;;;;;;;;;;;;
1/07/1986;33;53;1;1;288;64;31;;;89;;;201;146;38;429;;;91;;;;;;;;;;;;;;;;;;
1/08/1986;50;2;3;2;213;2;22;;;98;;;186;233;98;294;;;77;;;;;;;;;;;;;;;;;;
1/09/1986;16;38;8;33;193;10;27;;;72;;;145;153;101;296;;;66;;;;;;;;;;;;;;;;;;
1/10/1986;30;0;0;0;147;9;30;;;77;;;123;83;54;225;;;27;;;;;;;;;;;;;;;;;;
1/11/1986;36;12;17;0;127;14;36;;;117;;;187;79;59;247;;;16;;;;;;;;;;;;;;;;;;
1/12/1986;28;28;28;12;100;5;19;;;84;;;143;109;47;248;;;22;;;;;;;;;;;;;;;;;;
1/01/1987;25;8;11;11;104;3;13;;;107;;;140;111;27;236;;;22;;;;;;;;;;;;;;;;;;
1/02/1987;22;0;25;1;111;2;12;;;121;;;146;87;36;219;;;6;;;155;;;;;;;;;;;;;;;
1/03/1987;7;;11;0;75;3;11;;;94;;;124;72;18;137;;;1;;;180;;;;;;;;;;;;;;;
1/04/1987;21;12;8;4;73;4;27;;;69;;;106;114;32;211;;;0;;;117;;;;;;;;;;;;;;;
1/05/1987;1;0;24;1;73;13;14;;;82;;;93;76;24;165;;;0;;30;84;;;;;;;;;;;;;;;
1/06/1987;8;0;9;;68;7;9;;;58;;;82;47;23;159;;;13;;216;71;;;;;;;;;;;;;;;
1/07/1987;11;0;3;0;73;2;3;;;87;;;88;69;35;147;;;;;204;44;52;;;;;;;;;;;;;;
1/08/1987;3;;4;0;58;12;22;;;56;;;95;76;11;144;;;;;208;44;126;;;;;;;;461;;;;;;
1/09/1987;5;3;2;0;80;5;8;;;73;;;82;110;19;151;;;;;213;54;166;;;;;;;;689;;;;;;
1/10/1987;20;3;10;1;97;4;14;;;84;;;81;93;36;138;;;8;;183;59;148;;;;;;;;724;;;;;8;
1/11/1987;6;8;1;1;55;6;29;;;52;;;65;56;21;113;;;;;121;40;101;;;;;;;;703;;;;;131;
1/12/1987;4;0;;2;53;0;45;;;45;;;75;53;26;133;;;;;86;0;31;;;;;;;;565;;;;;45;
1/01/1988;1;0;;1;49;6;59;;;50;;;71;57;21;164;;;91;;175;;76;;;;;;;;388;;;;;;
1/02/1988;;;;2;49;4;41;;;44;;;67;41;25;102;;;9;;97;;91;;;;;;;;409;;;;;;
1/03/1988;;;;0;47;3;39;;;41;;;63;45;28;84;;;;;113;;90;;;;;;;;772;;;;;;
1/04/1988;0;;;0;34;1;35;;;42;;;61;35;26;209;;;;;4;;;;;;;;;;736;;;;;;
1/05/1988;;;;1;41;1;45;;;50;;;63;84;22;210;;;7;;4;;;;;;;;;;713;;;;;0;
1/06/1988;3;3;;0;30;;42;;;45;;;61;57;19;201;;;6;;4;;;;;;;;;;726;;;;;;
1/07/1988;2;2;;0;30;2;38;;;48;;;80;69;21;205;;;11;;7;;;;;;;;;;668;;;;;;
1/08/1988;;;;0;42;1;68;;;61;;;38;55;19;125;;;9;;4;;1;;;;;;;;737;;;;;;
1/09/1988;;;;3;29;10;26;;;10;;;36;52;5;87;;;7;;5;;;;;;;;;;816;;;;;;
1/10/1988;;0;;1;14;125;24;;;18;;;44;51;20;78;;;10;;5;78;6;;;;;;;;573;;;;;;
1/11/1988;;1;;2;41;1;30;;;35;;;55;49;19;62;;;7;;;126;;;;;;;;;653;;;;;;
1/12/1988;3;0;;1;60;2;30;;;33;;;37;50;21;73;;;5;;4;94;0;;;;;;;;584;;;100;;;
1/01/1989;7;1;;;26;;37;;;14;;;34;58;24;59;;;2;;3;44;;;;;;;;;561;;;74;;;540
1/02/1989;10;3;;0;26;1;38;;;15;;;34;59;25;61;;;3;;28;38;;;;;;;;;482;;;73;;;498
1/03/1989;;1;;3;48;1;68;;;25;;;63;107;45;109;;;9;;25;37;19;;;;;;;;474;;;72;;;488
1/04/1989;;1;;2;41;9;45;;;56;;;42;40;26;106;;;5;;42;14;;;;;;;;;493;;;43;;18;407
1/05/1989;;4;;4;63;8;46;;;44;;;38;53;17;83;;;4;;66;38;98;;;;;;;;374;;;64;;4;326
1/06/1989;;10;;1;58;1;36;;;48;;;47;49;25;60;;;0;;68;53;156;;;;;;;;389;;;10;;;292
1/07/1989;;2;;1;45;1;33;;;45;;;44;52;34;57;;;;;48;37;139;;;;;;;;354;;;2;;;364
1/08/1989;;2;;7;53;1;38;;;41;;;51;39;41;41;;;2;;72;41;139;;;;;;;;262;;;1;;;289
1/09/1989;;1;;32;38;0;50;;;46;;;107;45;30;103;;;3;;91;34;66;;;;;;;;301;;;2;;;313
1/10/1989;;1;;38;40;;38;;;44;;;70;52;46;67;;;2;;97;33;42;;;;;;;;277;;;3;;;297
1/11/1989;;5;;28;25;20;53;;;75;;;55;42;14;65;;;;;89;60;63;;;;;;;;273;;;15;;;268
1/12/1989;;6;;17;39;4;45;;;56;;;50;38;50;47;;;2;;39;17;58;;;;;;;;267;;;3;;;250
1/01/1990;;0;;;27;1;57;;;54;;;66;38;5;70;;;;;80;17;6;;;;;;;;195;;;28;;;529
1/02/1990;;1;;20;7;;59;;;13;;;68;39;31;32;;;;;7;4;11;;;;;;;;193;;;21;;;532
1/03/1990;;1;;67;5;1;7;;;77;;;33;13;46;30;;;;;109;8;24;;;;;;;;193;;;25;;;536
1/04/1990;;0;;6;2;8;7;;;24;;;17;2;1;43;;;;;116;43;38;;;;;;;;155;;;19;;;555
1/05/1990;;2;;14;17;3;8;;;39;;;46;1;4;56;;;;;83;14;13;;;;;;;;;;;6;;;675
1/06/1990;;;;19;17;1;15;;;46;;;42;1;5;62;;;;;76;14;15;;;;;;;;120;;;3;;;602
1/07/1990;;;;12;11;;7;;;46;;;31;0;4;35;;;;;66;8;8;;;;;;;;100;;;9;;;632
1/08/1990;;;;18;5;0;13;;;45;;;36;0;2;28;;;1;;47;11;17;;;;;;;;126;;;8;;;717
1/09/1990;;;;23;9;;7;;;43;;;29;8;6;30;;;;;49;7;14;;;;;;;;111;;;5;;;690
1/10/1990;;;;17;8;;16;;;23;;;28;3;6;33;;;;;47;2;6;;;;;;;;110;;;5;;;611
1/11/1990;;1;;13;5;;8;;;28;;;23;8;11;28;;;;;68;2;8;;;;;;;;101;;;6;;;689
1/12/1990;;;;21;37;;5;;;23;;;27;9;7;44;;;;;90;1;21;;;;;;;;115;;;7;;;659
1/01/1991;;;;4;2;;7;;;41;;;37;8;10;33;;;;;88;4;3;;;;;;;;164;;;5;;;578
1/02/1991;;;;2;3;;5;;;60;;;70;3;5;38;;;;;80;5;1;;;;;;;;149;;;2;;;558
1/03/1991;;;;2;17;5;5;;;47;;;27;3;5;36;;;;;84;3;7;;;;;;;;122;;;6;;;487
1/04/1991;;;;4;17;16;5;;;16;;;8;4;5;24;;;;;62;25;32;;;;;;;;143;;;16;;;522
1/05/1991;;;;1;17;9;1;;;12;;;7;1;1;20;;;;;71;21;34;;;;;;;;141;;;16;;;557
1/06/1991;;;;1;8;4;3;;;36;;;15;2;3;34;;;;;70;8;1;;;;;;;;132;;;1;;;557
1/07/1991;;;;1;6;2;1;;;24;;;23;1;1;26;;;;;66;5;2;;;;;;;;124;;;1;;;529
1/08/1991;;;;3;6;33;21;;;21;;;17;28;2;18;;;;;54;39;30;;;;;;;;76;;;11;;;475
1/09/1991;;;;3;2;50;18;;;7;;;5;6;2;12;;;;;63;35;29;;;;;;;;101;;;19;;;494
1/10/1991;;;;3;3;23;22;;;10;;;17;4;4;9;;;;;50;33;33;;;;;;;;108;;;10;;;523
1/11/1991;;;;3;4;17;18;;;28;;;17;2;8;10;;;;;62;33;30;;;;;;;;103;;;14;;;501
1/12/1991;;;;3;5;55;28;;;66;;;4;1;6;5;;;;;53;32;26;;;;;;;;93;;;10;;;513
1/01/1992;;;;6;6;20;25;;;49;;;15;13;9;23;;;;;50;27;31;;;;;;;;88;;;12;;;511
1/02/1992;;;;6;52;10;2;;;112;;;30;1;41;7;;;;;48;30;29;;;;;;;;79;;;9;;;519
1/03/1992;;6;;10;3;26;65;;;364;;;20;18;6;7;;;98;;66;40;36;;;;;;;;71;;;10;;;531
1/04/1992;44;1;;5;38;46;45;;;114;;;45;37;77;41;;;110;;46;27;27;;;;;;;;50;;;10;;;459
1/05/1992;184;;;3;33;21;49;;;49;;;49;41;11;47;;;90;;44;29;25;;;;;;;;68;;;10;;;458
1/06/1992;128;4;;2;46;19;42;;;28;;;48;41;24;22;;;57;;42;26;27;;;;;;;;68;;;11;;;451
1/07/1992;95;5;;1;39;10;42;;;8;;;44;43;23;47;;;43;;54;31;23;;;;;;;;71;;;12;;;450
1/08/1992;;7;;2;36;13;41;;;59;;;40;32;21;45;;;52;;41;30;30;;;;;;;;70;;;9;;;462
1/09/1992;96;3;;4;33;10;35;;;92;;;41;27;19;39;;;40;;35;22;23;;;;;;;;66;;;15;;;397
1/10/1992;75;1;;0;35;5;36;;;69;;;36;23;22;48;;;39;;40;36;26;;;;;;;;78;;;9;;;438
1/11/1992;81;;;3;32;13;33;;;73;;;38;24;19;47;;;48;;39;25;27;;;;;;;;99;;;14;;;456
1/12/1992;11;;32;0;32;17;32;;;43;;;29;25;23;43;;;29;;38;26;28;;;;;;;;150;;;6;;;419
1/01/1993;72;;22;9;29;7;38;;;62;;;41;23;17;50;;;35;;38;28;23;;;;;;;;127;;;13;;;451
1/02/1993;45;;40;2;24;9;37;;;53;;;20;17;13;29;;;36;;31;23;23;;;;;;;;108;;;0;;;387
1/03/1993;38;;36;1;18;9;31;;;43;;;23;29;15;32;;;18;;28;21;16;;;;;;;;75;;;27;;;401
1/04/1993;2;1;4;0;23;20;27;;;37;;;28;28;13;34;;;27;;31;21;25;;;;;;;;82;;;47;;;346
1/05/1993;;13;1;8;28;1;12;;;40;;;31;21;12;27;;;22;;24;14;18;;;;;;;;68;;;47;;;327
1/06/1993;;;8;1;20;2;10;;;44;;;16;16;;24;;;19;;20;17;21;;;;;;;;71;;;51;;;324
1/07/1993;;;;0;30;3;11;;;39;;;29;16;5;20;;;19;;31;18;20;;;;;;;;76;;;34;;;376
1/08/1993;;;;5;34;1;13;;;43;;;29;22;5;24;;;37;;31;20;24;;;;;;;;73;;;24;;;413
1/09/1993;;;;;33;2;11;;;41;;;25;25;5;36;;;35;;30;21;24;;;;;;;;69;;;23;;;414
1/10/1993;;;15;5;30;29;52;;;48;;;22;23;5;42;;;8;;30;23;32;;;;;;;;70;;;18;;;396
1/11/1993;25;6;10;2;27;44;51;;;38;;;17;18;3;31;;;;;32;33;33;;;;;;;;65;;;11;;;408
1/12/1993;23;10;14;3;24;37;63;;;41;;;19;17;2;43;;;;;30;30;26;;;;;;;;60;;;16;;;424
1/01/1994;14;4;69;4;22;26;56;;;37;;;16;15;3;28;;;;;27;28;28;;;;;;;;58;;;39;;;431
1/02/1994;58;2;5;3;30;5;55;;;39;;;17;19;3;42;;;;;29;32;27;;;;;;;;59;;;22;;;433
1/03/1994;66;0;4;3;31;8;56;;;47;;;19;22;10;39;;;;;27;30;23;;;;;;;;58;;;23;;;444
1/04/1994;53;10;3;3;27;9;51;;;47;;;24;25;7;41;;;;;26;27;26;;;;;;;;65;;;17;;;457
1/05/1994;57;4;5;2;24;7;48;;;44;;;21;28;3;42;;;;;27;25;25;;;;;;;;61;;;17;;;462
1/06/1994;61;5;3;1;28;4;58;;;53;;;20;16;2;31;;;;;25;28;29;;;;;;;;56;;;21;;;457
1/07/1994;52;;4;3;26;4;49;;;47;;;19;13;3;52;;;;;26;33;37;;;;;;;;57;;;17;;10;453
1/08/1994;51;1;2;1;26;5;51;;;43;;;20;15;2;29;;;;;26;25;28;;;;;;;;59;;;16;;6;430
1/09/1994;40;;9;1;25;23;47;;;46;;;18;12;9;26;;;;;25;25;30;;;;;;;;53;;;11;;0;456
1/10/1994;25;;14;1;22;20;45;;;42;;;17;12;17;24;;;;;24;29;26;;;;;;;;56;;;16;;;453
1/11/1994;42;;7;0;18;22;46;;;42;;;17;14;14;26;;;0;;12;22;22;;;;;;;;58;;;18;;;452
1/12/1994;38;;12;0;15;23;40;;;38;;;19;3;14;19;;;;;25;22;26;;;;;;;;52;;;15;;;417
1/01/1995;49;;11;1;15;20;42;;;41;;;19;1;15;22;;;;;16;21;28;;;;;;;;51;;;113;;;423
1/02/1995;35;0;11;2;19;19;45;;;39;;;19;6;17;25;;;;;19;24;25;;;;;;;;55;;;142;;;434
1/03/1995;35;;9;0;22;18;44;;;39;;;17;6;17;23;;;;;19;22;15;;;;;;;;51;;;138;;;430
1/04/1995;38;;13;2;18;21;41;;;39;;;16;4;15;15;;;;;15;23;23;;;;;;;;50;;;126;;;418
1/05/1995;34;;10;1;18;18;41;;;38;;;15;8;12;10;;;;;15;23;21;;;;;;;;49;;;113;;;418
1/06/1995;42;;8;1;17;20;39;;;39;;;16;17;13;5;;;;;14;23;27;;;;;;;;41;;;98;;;411
1/07/1995;40;;13;0;17;19;34;;;38;;;13;14;13;5;;;;;14;23;24;;;;;;;;41;;;92;;3;414
1/08/1995;27;;9;1;18;18;39;;;36;;;16;6;13;5;;;;;14;23;21;;;;;;;;37;;;82;;3;382
1/09/1995;26;;20;0;17;19;37;;;39;;;18;5;17;3;;;;;15;25;17;;;;;;;;19;;;75;;3;365
1/10/1995;35;;19;1;14;16;32;;;37;;;14;4;16;15;;;;;6;21;21;;;;;;;;34;;;70;;3;353
1/11/1995;23;0;16;1;20;20;37;;;35;;;15;1;16;18;;;;;6;20;21;;;;;;;;32;;;67;;3;322
1/12/1995;23;2;13;2;22;21;36;;;40;;;17;0;16;5;;;;;3;21;25;;;;;;;;40;;;60;;3;273
1/01/1996;27;3;5;5;19;18;43;;;42;;;13;1;13;6;;;;;5;17;20;;;;;;;;29;;;62;;3;299
1/02/1996;26;2;5;1;20;19;40;;;41;;;14;0;13;6;;;;;5;20;16;;;;;;;;26;;;66;;3;304
1/03/1996;28;1;9;2;21;19;42;;;41;;;17;0;10;5;;;;;2;22;22;;;;;;;;26;;;61;;3;306
1/04/1996;7;1;7;2;15;17;42;;;43;;;15;0;10;3;;;;;4;23;24;;;;;;;;24;;;55;;3;301
1/05/1996;;0;6;2;11;18;43;;;42;;;10;;11;3;;;;;1;18;21;;;;;;;;23;;;46;;3;316
1/06/1996;;;;3;11;19;41;;;40;;;13;0;2;2;;;;;0;15;63;;;;;;;;20;;;39;;3;315
1/07/1996;;;;0;11;18;40;;;42;;;11;0;3;1;;;;;0;18;47;;;;;;;;16;;;39;;3;312
1/08/1996;;;;2;9;19;40;;;41;;;13;0;3;1;;;;;0;18;38;;;;;;;;12;;;35;;3;323
1/09/1996;;;;3;10;14;37;;;38;;;16;0;4;1;;;;;;24;43;;;;;;;;13;;;29;;0;310
1/10/1996;;;;3;21;26;34;;;23;;;13;0;7;1;;;;;1;23;39;;;;;;;;9;;;28;;;320
1/11/1996;;;;2;24;16;34;;;23;;;9;1;4;1;;;;;;21;40;;;;;;;;10;;;29;;;317
1/12/1996;;;;4;17;24;42;;;33;;;8;1;5;2;;;;;;21;38;;;;;;;;10;;;32;;;323
1/01/1997;;;;3;17;24;41;;;27;;;8;0;11;2;;;;;;23;35;;;;;;;;9;;;27;;;312
1/02/1997;;;;2;14;18;36;;;37;;;11;0;17;4;;;;;;21;29;;;;;;;;8;;;21;;;318
1/03/1997;;;;0;15;16;37;;;42;;;10;0;13;2;;;;;;17;29;;;;263;;;;6;;;24;;;308
1/04/1997;;;;2;17;18;22;;;42;;;11;79;7;21;;;;671;;17;27;;;13;398;;;;6;;;23;;;284
1/05/1997;;;;5;29;14;46;;;35;;;11;43;0;10;;;;249;;24;29;;;157;311;;202;;4;;;16;;;294
1/06/1997;;;;3;27;17;39;;;38;;;15;31;0;8;;;;180;;24;31;;;90;237;402;40;;4;;;16;;;295
1/07/1997;;;;3;20;15;35;;;38;;;10;28;0;8;;;;123;;20;31;;;110;178;261;113;;;;;18;;;284
1/08/1997;;;;3;21;16;36;;;43;;;14;25;0;0;;;;145;;13;31;;;106;144;262;145;;;;;18;;;275
1/09/1997;;;;2;21;23;36;;;36;;;13;15;0;0;;;;127;;21;28;;;76;131;200;113;;;;;12;;;290
1/10/1997;;;;3;22;23;35;;;35;;;12;14;1;;;;;114;;23;26;;;72;118;192;98;;;;;13;;;299
1/11/1997;;;;3;21;19;36;;;36;;;16;9;1;;;;;99;;23;27;;;62;106;175;90;;;;;8;;;309
1/12/1997;;;;3;19;20;34;;;34;;;15;10;1;;;;0;90;;22;27;;;57;94;151;75;;;;;8;;;319
1/01/1998;51;;;2;19;20;30;;;28;;;10;9;1;;;;;86;;19;22;;;55;89;147;71;;;;;0;;;314
1/02/1998;72;;25;3;16;13;30;;;26;;;13;10;1;;;;;84;;15;22;;;58;84;141;65;;;;;0;;;315
1/03/1998;41;3;21;2;15;13;26;;;27;;;13;9;0;;;;;80;;19;22;;;56;77;142;63;;;;;0;;;330
1/04/1998;23;13;18;2;36;21;47;;;33;;;17;16;;55;;;57;78;;20;23;;;50;74;135;60;;;;;0;;;329
1/05/1998;20;16;18;2;29;25;30;;;43;;;15;13;1;45;;;38;69;;19;24;;;46;69;136;53;;;;;0;;;339
1/06/1998;26;11;26;3;23;28;21;;;36;;;6;22;33;38;;;10;75;;22;26;;;44;64;119;72;;;;;;;;355
1/07/1998;28;5;29;2;38;29;26;;;45;;;;16;16;31;;;10;73;;19;22;;;36;66;119;61;;;;;0;;;357
1/08/1998;28;7;20;2;18;42;26;;;24;;;;11;17;22;;;17;63;;17;26;;;32;60;123;54;;;;;0;;;365
1/09/1998;27;1;25;2;21;14;32;;;29;;;;15;14;9;;;12;60;;19;22;;;28;63;112;51;;;;;;;;394
1/10/1998;17;1;17;1;17;10;32;;;28;;;;15;13;7;;;8;57;;19;24;;;26;55;104;53;;;;;;;;412
1/11/1998;26;7;21;;15;9;31;;;31;;;;11;13;6;;;7;49;;19;22;;;20;51;116;44;;;;;;;;413
1/12/1998;16;2;16;;16;7;32;;;29;;;;7;16;5;;;5;45;;15;22;;;28;58;107;49;;;;;71;;;424
1/01/1999;24;1;21;;17;10;31;;;26;;;;9;11;5;;;5;73;;18;23;;;22;63;108;43;;;;;148;;;424
1/02/1999;22;1;19;;13;9;30;;;30;;;0;11;11;4;;;5;55;;23;21;;;22;64;99;46;;;;;109;;;420
1/03/1999;22;14;22;;12;11;23;;;26;;;;9;11;3;;;4;54;;20;22;;;22;64;102;41;;;;;97;;;436
1/04/1999;22;12;23;;13;10;25;;;29;;;;8;12;5;;;4;51;1;26;31;;;20;64;78;47;;;;;89;;;460
1/05/1999;22;12;21;;15;10;30;;;32;;;;12;14;6;;;4;49;;18;23;;;20;61;100;45;;;;;88;;;470
1/06/1999;19;11;19;;16;13;31;;;34;;;;14;15;5;;;6;45;;161;22;;;21;77;87;175;;;;;76;;;456
1/07/1999;17;11;17;;17;13;33;;;34;;;;10;14;4;;;29;52;;60;23;;;21;75;93;84;;;;;71;;;466
1/08/1999;16;10;16;;14;11;31;;;34;;;;13;10;2;;;78;48;;29;17;;;17;75;93;54;;;;;73;;;495
1/09/1999;15;11;15;;16;12;32;;;32;;;;12;13;0;;;57;46;0;13;23;;;21;68;90;44;;;;;69;;;512
1/10/1999;16;13;16;;17;12;33;;;33;;;50;12;10;0;;;43;47;;13;18;;;18;63;90;38;;;;;66;;;505
1/11/1999;16;14;17;;19;12;41;;;31;;;40;7;13;;;;35;44;;7;17;;;13;60;92;36;;;;;61;;;499
1/12/1999;16;11;13;;15;14;35;;;30;;;31;15;13;0;;;28;44;;39;28;;;32;54;97;137;;;;;63;;;493
1/01/2000;18;7;11;;15;16;33;;;35;;;24;15;13;;;;21;50;;36;19;;;20;53;86;86;;;;;65;;3;511
1/02/2000;19;6;11;0;16;12;31;;;37;;;20;14;12;0;;;19;47;;27;19;;;22;56;85;81;;;;;61;;3;516
1/03/2000;21;12;13;12;13;20;29;;;31;;;19;17;11;;;;18;46;0;22;19;;;21;55;80;73;;;;;64;;4;517
1/04/2000;21;10;14;9;13;22;31;;;31;25;;20;17;11;;;;18;44;0;28;21;;;21;51;76;74;;;;;58;;4;495
1/05/2000;14;6;15;5;15;13;31;;;30;42;;17;16;11;0;;;11;43;0;22;21;;;18;47;81;74;;;;;54;;0;518
1/06/2000;14;7;16;8;17;16;33;;;98;34;;19;17;13;;;;11;46;0;20;22;;;15;46;81;74;;;;;56;;0;542
1/07/2000;17;7;12;5;16;17;31;;;98;30;;21;19;15;;;;13;41;;18;21;;;15;44;79;65;;;;;61;;;523
1/08/2000;10;7;12;11;17;16;33;;;74;24;;24;21;15;;;;9;42;;18;22;;;13;44;75;66;;;;;58;;;523
1/09/2000;7;9;13;5;16;16;34;;;60;22;;13;22;14;;;;9;44;;18;23;;;11;44;74;65;;;;;52;;;521
1/10/2000;5;11;12;7;18;12;32;;;50;21;;19;18;16;;;;8;43;;19;23;;;13;44;72;66;;;;;56;;;539
1/11/2000;5;12;12;9;14;14;31;;;44;20;;22;23;11;;;;8;47;;19;22;;;11;43;70;64;;;;;63;;;542
1/12/2000;6;13;11;9;14;12;30;;;39;18;;18;22;11;;;;10;43;;16;21;;;10;47;68;63;;;;;59;;;548
1/01/2001;7;10;11;5;14;10;30;;;31;19;;26;21;11;;;;11;43;;17;20;;;12;39;67;55;;;;;59;;;550
1/02/2001;11;7;8;3;14;10;31;;;30;20;;27;15;11;;;;9;40;;18;22;;;14;40;53;60;;63;;;51;;;544
1/03/2001;12;8;8;3;15;12;29;;;29;20;;21;15;12;;;;8;40;;18;22;;;14;41;54;62;;97;;;54;;;552
1/04/2001;18;8;8;19;14;11;29;;;30;21;;22;14;12;0;;;8;40;;16;26;;;15;38;58;68;;90;;;65;;;527
1/05/2001;21;9;7;7;12;9;30;;;23;21;;22;17;11;;;;10;41;;18;25;;;10;43;65;59;;81;;;66;;;537
1/06/2001;18;11;8;2;13;10;31;;;27;19;;22;20;11;;;;6;41;;18;23;;;12;41;70;59;;81;;;57;;;544
1/07/2001;21;9;6;2;14;10;30;;;27;21;;11;24;10;;;;5;39;;13;20;;;13;38;67;61;;61;;;56;;;573
1/08/2001;19;11;7;2;13;53;13;;;123;16;;74;25;8;;;;5;41;;14;18;;;18;38;60;66;;69;;;53;;;519
1/09/2001;14;10;8;3;12;52;22;;;91;16;;61;25;8;;;;5;43;;14;19;;;23;34;60;68;;53;;;53;;;523
1/10/2001;15;11;8;5;12;31;29;;;77;18;;46;25;8;;;;4;42;;24;21;;;23;35;60;46;;52;;;55;;;522
1/11/2001;13;14;6;9;12;23;28;;;73;18;;39;18;9;;;;4;47;3;18;22;;;21;34;61;56;;43;;;57;;;540
1/12/2001;7;12;7;5;13;22;31;;;68;20;;21;10;11;;;;5;41;;17;22;;;13;29;62;60;;40;;;56;;;551
1/01/2002;6;9;6;6;13;18;31;;;58;22;;18;9;9;;;;5;39;;17;21;;;12;35;60;61;;39;;;61;;;553
1/02/2002;11;6;9;6;13;13;33;;;60;23;;17;9;8;;;;4;37;;14;22;;;12;34;59;57;;50;;;59;;;556
1/03/2002;14;6;6;7;12;14;32;;;61;22;;16;5;7;;;;3;39;;17;23;;;11;33;60;52;;46;;;54;;;575
1/04/2002;0;8;;7;11;25;31;;;52;22;;20;6;8;;;;6;37;0;16;23;;;11;33;60;48;;42;;;67;;;561
1/05/2002;1;11;1;8;12;33;29;;;50;25;;29;8;9;;;;10;33;;16;22;;;11;34;60;50;;36;;;58;;;568
1/06/2002;19;10;2;7;11;27;24;;;45;24;;27;8;9;0;;;6;37;;17;21;;;10;28;60;55;;32;;;48;;;569
1/07/2002;11;10;7;6;12;22;26;;;45;22;;27;9;9;18;;;7;38;;16;21;;;6;26;58;63;;31;;;49;;;570
1/08/2002;9;8;8;6;13;21;27;;;42;17;;23;10;9;11;;;7;37;;17;21;;;5;19;57;50;;28;;;57;;;577
1/09/2002;13;6;8;6;12;20;25;;;41;29;;22;9;9;8;;;5;36;;18;20;;;3;22;58;41;;24;;;42;;;587
1/10/2002;11;8;9;6;11;18;19;;;38;42;;20;12;10;7;;;4;36;;16;20;;;3;30;57;43;;18;;;44;;;585
1/11/2002;17;11;9;6;12;18;22;;;44;25;;23;17;10;10;;;8;37;;17;20;;;11;30;57;43;;16;;;46;;;594
1/12/2002;16;10;11;5;13;19;21;;;42;24;;27;16;10;8;;;14;37;;16;21;;;16;32;56;49;;15;;;45;;;586
1/01/2003;17;12;9;6;11;17;26;;;43;28;;20;17;12;6;;;9;38;;16;17;;;18;29;55;56;;18;;;55;;;571
1/02/2003;15;9;10;7;11;17;28;;;44;27;;19;8;11;6;;;7;34;0;18;16;;;14;27;53;50;;16;;;55;;;550
1/03/2003;11;11;9;5;10;18;26;;;32;27;;18;7;11;1;;;5;36;;18;19;;;7;30;51;42;;17;;;51;;;551
1/04/2003;12;8;9;6;7;16;27;;;35;24;;16;7;11;;;;4;33;;17;20;;;7;33;50;39;;11;;;47;;;542
1/05/2003;14;8;11;6;2;16;29;;;39;25;;15;7;11;1;;;4;37;;16;16;;;5;30;51;46;;8;;;47;;;534
1/06/2003;13;7;10;5;1;16;29;;;42;26;;14;9;8;2;;;4;37;;17;16;;;8;28;57;42;;9;;;45;;;534
1/07/2003;13;7;12;5;3;17;33;;;38;25;;16;7;10;;;;7;37;;19;17;;;11;29;53;49;;12;;;21;;;517
1/08/2003;14;8;12;5;4;18;34;;;30;29;;15;9;11;;;;5;40;0;20;20;;;10;29;53;52;;13;;;13;;;510
1/09/2003;15;8;13;6;3;20;32;;;36;31;;18;9;12;;;;4;40;;17;20;;;10;26;56;49;;9;;;15;;;513
1/10/2003;14;8;12;6;1;18;30;;;32;29;;22;10;11;;;;7;38;;15;19;;;9;29;56;44;;2;;;18;;;497
1/11/2003;13;8;11;4;2;16;30;;;34;27;;15;10;13;;;;9;37;;16;18;;;10;28;127;47;;;;;56;;;485
1/12/2003;14;7;11;4;;16;27;;;37;28;;14;7;10;;;;7;37;;18;18;;;10;25;164;40;;0;;;60;;;478
1/01/2004;12;8;9;4;33;15;27;;;29;23;;52;4;10;;;;5;29;;19;21;;;10;23;156;39;;0;;;78;;;464
1/02/2004;9;10;8;4;27;20;26;;;26;21;;53;2;10;;;;5;29;;19;24;;;6;23;147;41;;;;;80;;;456
1/03/2004;14;7;9;6;24;19;25;;;29;24;;50;;9;;;;6;32;;19;24;;;2;22;135;38;;;;;78;;0;441
1/04/2004;1;10;10;5;18;19;23;;;28;25;;42;;9;;;;6;29;;19;22;;;2;24;133;39;;6;;;90;;;436
1/05/2004;4;7;8;5;17;15;24;;;30;23;;40;;12;;;;5;28;;15;22;;;;23;130;49;;9;;;92;;;439
1/06/2004;1;6;12;4;16;12;25;;;29;24;;37;;13;;;;6;28;;16;22;;;;24;126;46;;9;;;83;;;432
1/07/2004;7;11;11;5;15;13;28;;;29;24;;37;0;13;12;;;6;29;;16;22;;;1;21;124;42;;12;;;82;;;430
1/08/2004;0;11;8;4;15;14;26;;;27;23;;35;0;13;11;;;6;30;;16;22;;;14;20;122;42;;20;;;85;;;427
1/09/2004;0;11;7;4;13;14;26;;;30;24;;30;0;13;9;;;6;29;;18;22;;;12;22;122;45;;16;;;73;;;428
1/10/2004;0;7;7;4;12;14;24;;;29;25;;32;0;13;6;;;6;28;;16;20;;;12;24;111;45;;20;;;68;;;418
1/11/2004;;6;4;4;13;15;24;;;29;22;;30;1;13;5;;;5;28;;14;20;;;12;24;114;45;;26;;;65;;;404
1/12/2004;22;5;3;7;11;15;23;;;28;21;;27;0;11;4;;;9;26;;17;19;;;17;22;103;43;;20;;;65;;;372
1/01/2005;3;5;4;7;8;16;24;;;29;24;;28;0;9;4;;;9;26;;15;19;;;23;23;101;42;;16;;;65;;;373
1/02/2005;3;6;4;7;9;17;20;;;36;24;;28;1;10;4;;;5;28;;13;15;;;14;23;102;42;;16;;;54;;;369
1/03/2005;;5;3;7;10;17;20;;;32;25;;27;3;12;5;;;4;25;;15;16;;;6;24;106;40;;14;;;63;;;381
1/04/2005;10;5;3;7;13;11;19;;;30;23;;26;22;10;5;;;4;25;;15;23;;;4;21;107;42;;12;;;46;;4;367
1/05/2005;23;5;3;5;13;11;19;;;30;23;;32;16;10;6;;;4;26;;18;23;;;10;23;100;46;;6;;;51;;5;363
1/06/2005;0;5;6;4;14;11;21;;;31;25;;29;14;10;10;;;4;26;;21;23;;;7;23;103;40;;4;;;58;;5;357
1/07/2005;;3;4;5;14;13;21;;;31;24;;21;13;8;7;;;5;25;;19;18;;;2;23;107;38;;7;;;48;;0;363
1/08/2005;;4;4;5;13;11;19;;;31;24;;22;14;7;7;;;5;22;;19;17;;;2;21;111;36;;5;;;50;;1;351
1/09/2005;;3;3;6;13;13;21;;;32;22;;25;13;7;4;;;6;22;;19;15;;;1;20;105;43;;2;;;50;;1;349
1/10/2005;;3;3;5;13;14;24;;;29;22;;24;9;8;0;;;6;23;;18;18;;;1;21;102;43;;3;;;52;;1;352
1/11/2005;;5;3;5;12;14;25;;;26;23;;28;10;11;;;;6;25;;17;17;;;1;19;104;41;;4;;;51;;1;349
1/12/2005;;3;4;4;14;12;24;;;26;23;;23;9;11;;;;6;24;;15;17;;;4;21;103;36;;4;;;50;;0;342
1/01/2006;;2;3;3;13;12;24;;;28;23;;20;12;10;;;;6;23;;14;20;;;6;22;101;36;;3;;;45;;;331
1/02/2006;;2;3;0;11;12;26;;;31;26;;22;;10;;;;6;24;;13;20;;;1;21;97;25;;2;;;49;;;319
1/03/2006;;4;2;3;11;14;25;;;32;26;;21;;11;;;;4;24;;10;18;;;0;17;97;33;;2;;;47;;;328
1/04/2006;;3;3;5;11;9;23;;;29;25;;20;;9;;;;4;24;;16;17;;;2;18;97;37;;2;;;52;;;329
1/05/2006;;3;3;5;9;13;24;;;22;24;;19;;10;;;;3;25;;17;19;;;3;20;96;39;;1;;;53;;;324
1/06/2006;;2;3;5;10;15;25;;;18;21;;18;;10;;;;3;22;;18;17;;;3;19;92;39;;;;;52;;;321
1/07/2006;;3;2;5;9;16;22;;;19;23;;20;;11;;;;3;18;;16;14;;;2;19;87;37;;0;;;50;;;309
1/08/2006;;2;3;5;9;12;23;;;23;25;;16;;11;;;;4;21;;16;15;;;1;16;86;36;;0;;;43;;;304
1/09/2006;;3;3;5;10;10;24;;;28;24;;16;;11;;;;4;22;;16;17;;;6;13;88;36;;0;;;45;;;307
1/10/2006;;3;3;5;9;10;24;;;25;25;;17;;12;;;;5;21;;11;17;;;9;14;83;37;;0;;;43;;;307
1/11/2006;;2;2;8;9;13;24;;;28;24;;17;;11;;;;5;21;;15;16;;;2;14;84;38;;;;;44;;0;306
1/12/2006;;3;3;8;9;12;24;;;30;24;;16;0;11;;;;5;23;;15;17;;;2;14;85;39;;;;;47;;;313
1/01/2007;;2;2;3;9;12;22;;;24;21;;16;11;10;;;;4;22;;17;16;;;0;16;75;38;;;;;49;;;306
1/02/2007;;2;3;4;9;12;20;;;28;21;;14;12;7;;;;4;22;;14;17;;;0;16;80;37;;;;;52;;;295
1/03/2007;;2;2;4;10;14;21;;;28;18;;12;11;10;;;;7;22;;14;16;;;;18;81;39;;;;;53;;;296
1/04/2007;;3;2;5;10;10;22;;;30;20;;12;12;10;;;;9;23;;13;17;;;;15;82;39;;;;;57;;;295
1/05/2007;;3;1;3;10;15;22;;;29;20;;12;3;11;;;;5;20;;13;17;;;;16;80;37;;;;;52;;;286
1/06/2007;;3;2;4;11;12;23;;;29;21;;13;0;10;;;;5;22;;12;15;;;;16;79;37;;;;;56;;;288
1/07/2007;;2;2;3;7;9;19;;;21;20;;9;24;7;;;;3;21;;12;16;;;;17;81;35;;;;;53;;;275
1/08/2007;;3;2;4;7;18;18;;;16;11;;48;26;7;;;;1;20;;14;19;;;;15;83;37;;;;;51;;;271
1/09/2007;;4;2;4;9;15;24;;;22;40;;59;19;8;;;;5;19;;15;17;;;;15;79;34;;;;;53;;;262
1/10/2007;;6;1;5;8;13;22;;;26;40;;60;17;7;;;;5;21;;13;14;;;;17;76;36;;;;;53;;;264
1/11/2007;;4;2;3;5;12;23;;;25;35;;46;12;7;;;;6;19;;12;14;;;;16;72;35;;;;;50;;;252
1/12/2007;;2;3;3;4;15;25;;;30;33;;35;11;12;;;;9;20;;10;16;;;;16;74;34;;;;;51;;;265
1/01/2008;;1;2;3;5;12;22;;;27;33;;32;10;12;;;;2;20;;11;13;;;;15;72;32;;;;;48;;;248
1/02/2008;;1;2;4;3;13;20;;;28;33;;32;7;8;;;;4;20;;11;12;;;;16;67;31;;;;;28;;;246
1/03/2008;;2;1;4;4;12;22;;;29;31;;32;7;8;;;;3;17;;12;14;;;;16;67;32;;;;;43;;;245
1/04/2008;;3;1;3;5;12;20;;;29;32;;33;7;7;;;;3;15;;19;12;;;;14;69;33;;;;;44;;;249
1/05/2008;;3;3;3;4;13;21;;;30;31;;34;9;7;;;;4;18;;18;13;;;;16;73;36;;;;;50;;;271
1/06/2008;;3;2;2;7;15;22;;;27;32;;29;6;7;;;;6;21;;16;14;;;37;16;71;26;;;;;67;;;266
1/07/2008;;2;2;3;7;11;21;;;30;33;;30;9;5;;;;4;20;;16;14;;;31;16;78;25;;;;;71;;;270
1/08/2008;;1;2;2;3;14;23;;;31;32;;30;9;8;;;;3;21;;15;14;;;20;17;74;32;;;;;55;;;268
1/09/2008;;1;2;3;4;15;21;;;31;36;;29;8;8;;;;4;22;;13;16;;;17;16;72;32;;;;;38;;2;266
1/10/2008;;2;2;6;11;12;19;;;27;37;;28;6;11;;;;3;20;;12;14;;;12;18;71;33;;;;;37;;2;264
1/11/2008;;2;2;6;6;12;22;;;29;36;;29;6;7;;;;3;18;;12;15;;;20;17;71;34;;;;;34;;2;265
1/12/2008;;3;2;8;6;12;19;;;31;34;;27;9;7;;;;2;17;;12;17;;;16;15;69;34;;;;;30;;2;255
1/01/2009;;2;2;4;5;11;19;;;32;31;;27;9;7;;;;2;17;;6;15;;;12;17;67;35;;;;;31;;0;250
1/02/2009;;3;2;4;5;11;20;;;32;33;;25;9;7;;;;3;18;;;15;;;11;17;68;36;;;;;34;;2;251
1/03/2009;;2;2;4;6;11;20;;;27;32;;21;8;6;;;;2;16;;1;14;;;8;1;66;32;;;;;33;;0;243
1/04/2009;;2;2;4;7;11;18;;;25;32;;24;7;7;;;;2;16;;13;13;;;17;22;64;32;;;;;35;;0;238
1/05/2009;;2;1;5;5;10;18;;;29;33;;24;8;7;;;;3;17;;23;13;;;12;41;64;34;;;;;34;;1;256
1/06/2009;;2;2;2;3;12;20;;;30;29;;24;11;7;;;;3;18;;21;14;;;14;39;62;34;;;;;32;;2;245
1/07/2009;;2;2;2;1;12;17;;;29;26;;22;6;6;;;;2;18;;18;15;;;13;39;64;34;;;;;31;;0;232
1/08/2009;;2;2;2;0;11;19;;;27;27;;29;8;7;;;;2;17;;18;14;;;16;39;60;34;;;;;30;;2;230
1/09/2009;;3;1;2;201;12;19;;;17;27;;59;2;1;;;;0;16;;15;14;;;14;38;59;35;;;;;31;;2;223
1/10/2009;;2;1;5;206;11;18;;;17;25;;45;38;5;;;;;15;;17;14;;;11;34;59;34;;;;;30;;2;211
1/11/2009;;2;3;2;212;12;20;;;37;29;;46;52;8;;;;0;18;;32;15;;;12;34;59;37;;;;;31;;1;212
1/12/2009;;1;1;4;202;10;21;;;32;28;;41;29;8;;;;0;18;;41;16;;;10;31;57;36;;;;;28;;1;201
1/01/2010;;3;1;7;196;8;21;;;32;27;;41;18;7;;;;1;18;;35;13;;;9;29;58;38;;;;;28;;1;202
1/02/2010;;2;1;3;192;12;19;;;28;30;;36;16;5;;;;0;17;;39;13;;;10;30;56;36;;;;;26;;1;197
1/03/2010;;1;1;2;183;11;18;;;31;27;;35;15;4;;;;0;16;;37;14;;;10;30;53;35;;0;;;27;;1;191
1/04/2010;;2;1;7;174;11;19;;;30;26;;34;12;5;;;;0;16;;41;12;;;9;30;54;31;;;;;27;;2;195
1/05/2010;;2;1;4;173;13;20;;;31;26;;34;11;4;;;;0;16;;42;11;;;9;29;53;32;;;;;27;;1;198
1/06/2010;;1;1;4;164;13;20;;;30;26;;32;10;2;;;;0;16;;40;13;;;9;26;53;29;;;;;27;;0;190
1/07/2010;;1;1;4;163;13;19;;;30;27;;35;11;2;;;;0;17;;40;14;;;8;29;52;30;;;;;22;;1;194
1/08/2010;;2;2;2;155;15;19;;;23;28;;34;14;5;;;;0;16;;38;13;;;8;26;51;30;;;;;23;;1;195
1/09/2010;;2;1;4;141;13;11;;;23;28;;24;44;27;;;;62;14;;38;12;;;8;25;50;29;;;;;22;;4;189
1/10/2010;;2;1;3;128;12;29;;;21;27;;24;28;22;;;;54;16;;34;13;;;8;26;49;28;;;;;23;;2;182
1/11/2010;;2;3;3;126;8;21;;;30;38;;40;19;26;;;;53;15;;35;12;;;8;25;48;32;;;;;22;;2;180
1/12/2010;;2;1;4;140;11;25;;;32;30;;29;23;17;;;;39;14;;33;12;;;8;27;49;33;;;;;20;;2;183
1/01/2011;;2;1;3;139;11;18;;;31;26;;32;22;13;;;;40;17;;31;13;;;8;21;47;35;;;;;22;;1;178
1/02/2011;;2;1;3;138;12;28;;;29;25;;36;23;15;;;;37;17;;28;13;;;5;21;44;32;;;;;23;;3;189
1/03/2011;;1;1;4;132;12;28;;;32;24;;31;22;12;;;;36;15;;35;12;;;7;23;44;32;;;;;21;;1;190
1/04/2011;;2;2;2;134;12;26;;;26;24;;37;21;15;;;;34;14;;33;11;;;8;26;40;32;;;;;19;;1;194
1/05/2011;;2;1;3;136;10;28;;;33;27;;32;20;12;;;;35;17;;34;12;;;8;24;38;36;;;;;21;;1;186
1/06/2011;;2;1;3;120;12;30;;;33;25;;30;18;11;;;;32;16;;33;12;;;8;22;42;38;;;;;22;;2;179
1/07/2011;;3;2;2;122;12;26;;;32;23;;30;19;12;;;;28;16;;31;12;;;5;23;42;35;;;;;21;;0;175
1/08/2011;;2;2;4;119;13;27;;;32;24;;29;17;11;;;;27;16;;27;9;;;6;20;41;33;;;;;21;;0;171
1/09/2011;;2;1;4;118;14;28;;;33;25;;28;14;7;;;;26;15;;12;11;;;6;21;40;32;;;;;22;;0;168
1/10/2011;;2;2;4;119;13;25;;;34;24;;29;17;7;;;;25;13;;17;10;;;5;23;37;32;;;;;20;;2;166
1/11/2011;;2;2;4;116;11;26;;;30;23;;29;14;7;;;;25;16;;16;11;;;6;20;38;33;;;;;23;;1;168
1/12/2011;;2;2;3;108;13;25;;;32;22;;28;16;7;;;;22;16;;20;11;;;6;23;37;32;;;;;22;;2;171
1/01/2012;;2;1;5;107;12;26;;;29;22;;30;17;5;;;;21;13;;31;11;;;6;22;35;32;;;;;21;;2;166
1/02/2012;;2;2;4;103;11;25;;;32;22;;29;14;3;;;;22;13;;30;11;;;5;24;37;31;;;;;24;;2;164
1/03/2012;;2;2;5;100;11;25;;;33;21;;29;15;10;;;;22;14;;31;12;;;5;23;37;27;;;;;22;;2;161
1/04/2012;;2;1;5;98;10;24;;;32;23;;27;16;10;;;;21;15;;33;9;;;5;17;39;33;;;;;18;;1;161
1/05/2012;;1;2;3;102;12;24;;;33;23;;28;16;7;;;;21;15;;28;11;;;3;20;35;35;;;;;20;;2;158
1/06/2012;;2;1;4;96;10;23;;;30;24;;29;14;6;;;;21;15;;26;12;;;6;21;34;33;;;;;22;;1;165
1/07/2012;;2;1;4;98;11;24;;;27;23;;30;15;3;;;;20;13;;26;9;;;6;24;36;32;;;;;20;;2;163
1/08/2012;;3;1;4;93;11;25;;;30;22;;24;13;3;;;;19;14;;26;12;;;6;23;36;35;;;;;22;;1;162
1/09/2012;;1;2;4;94;10;24;;;29;23;;28;15;4;;;;19;14;;27;11;;;5;25;35;24;;;;;23;;0;162
1/10/2012;;1;1;4;95;10;24;;;28;22;;25;15;5;;;;18;14;;26;10;;;5;24;55;27;;;;;22;;1;134
1/11/2012;;2;1;4;93;8;26;;;27;22;;25;14;5;;;;17;15;;30;10;;;5;24;57;29;;;;;24;;1;146
1/12/2012;;2;1;2;91;11;24;;;27;24;;25;12;5;;;;20;16;;32;12;;;5;24;58;31;;;;;25;;1;146
1/01/2013;;1;1;5;91;12;23;;;31;22;;24;12;6;;;;18;17;;33;11;;;4;27;57;30;;;;;25;;2;148
1/02/2013;;1;2;3;83;11;22;;;26;23;;24;13;6;;;;16;17;;30;12;;;4;20;55;28;;;;;22;;2;147
1/03/2013;;1;1;4;88;9;20;;;25;24;;25;16;7;;;;16;14;;28;14;;;4;21;56;29;;;;;23;;2;145
1/04/2013;;1;1;9;84;8;21;;;31;20;;24;16;11;;;;18;14;;28;11;;;7;22;55;30;;;;;22;;2;146
1/05/2013;;1;1;5;81;10;22;;;31;19;;24;13;10;;;;17;15;;32;10;;;7;20;53;30;;;;;22;;3;143
1/06/2013;;2;1;4;86;13;24;;;31;21;;23;17;4;;;;18;11;;32;9;;;6;23;53;26;;;;;22;;1;137
1/07/2013;;2;1;3;91;12;21;;;24;24;;24;18;5;;;;18;10;;31;9;;;7;24;51;27;;;;;21;;2;142
1/08/2013;;2;1;4;89;14;22;;;25;21;;25;16;6;;;;17;10;;31;9;;;6;23;47;29;;;;;19;;2;118
1/09/2013;;1;1;3;94;15;24;;;29;23;;22;15;7;;;;16;12;;29;11;;;6;28;45;31;;;;;18;;2;131
1/10/2013;;1;2;3;85;11;25;;;29;20;;18;12;10;;;;15;14;;24;11;;;3;28;45;33;;;;;22;;1;129
1/11/2013;;1;1;7;84;11;24;;;30;18;;17;14;8;;;;14;15;;23;12;;;4;27;43;30;;;;;22;;0;124
1/12/2013;;2;1;5;74;10;16;;;18;73;;24;11;8;;;;15;15;;22;10;;;5;25;41;28;;;;;19;;4;127
1/01/2014;;2;1;5;69;10;24;;;19;60;;26;17;41;;;;15;16;;23;10;;;5;21;40;27;;;;;23;;4;132
1/02/2014;;1;3;6;69;11;47;;;29;45;;32;9;28;;;;15;18;;24;9;;;5;19;43;27;;;;;25;;4;130
1/03/2014;;1;1;6;64;14;51;;;36;37;;26;13;32;;;;14;13;;23;9;;;7;23;40;27;;;;;25;;0;126
1/04/2014;;1;2;6;35;10;43;;;32;31;;21;12;33;;;;13;14;;23;8;;;4;22;35;27;;;;;25;;3;126
1/05/2014;;2;2;4;51;8;41;;;26;32;;22;6;26;;;;12;12;;26;10;;;5;19;42;27;;;;;23;;4;114
1/06/2014;;2;2;3;68;9;51;;;32;29;41;23;5;25;;;;15;14;;24;9;;;4;19;42;29;;;;;25;;1;115
1/07/2014;;2;2;3;69;8;49;;;32;27;73;21;7;25;;;;14;14;;23;9;;;5;20;44;29;;;;;23;;0;112
1/08/2014;;2;2;4;69;15;46;;;28;26;97;18;4;22;;13;;9;15;;22;9;;;5;19;46;27;;;;;24;;2;106
1/09/2014;;2;1;3;72;10;47;;;30;32;105;25;5;23;;18;;10;14;;23;8;;;4;22;45;27;;;;;27;;2;104
1/10/2014;;2;1;2;61;8;45;;;23;29;103;19;7;22;;8;;10;12;;23;7;;;4;20;46;27;;;;;27;;1;99
1/11/2014;;2;2;2;63;10;45;;;18;22;103;15;2;23;;6;;11;13;;22;9;;;5;21;44;27;;;;;27;;1;95
1/12/2014;;2;1;2;62;11;49;;;19;18;100;12;2;21;;;;11;13;;21;10;;;3;20;42;26;;;;;25;;0;94
1/01/2015;;1;1;6;65;11;45;;;25;20;96;16;2;21;;17;;11;13;;21;10;;;4;19;39;30;;;;;24;;0;97
1/02/2015;;2;1;3;60;12;41;;;30;52;103;21;33;20;3;27;;11;14;;20;10;;;5;20;39;28;;;;;23;;2;99
1/03/2015;;1;2;2;84;11;41;;;31;49;105;22;35;19;45;36;;12;13;;20;10;;;3;20;39;27;;;;;23;;0;101
1/04/2015;;2;1;4;91;11;38;;;36;45;103;20;34;19;38;27;;11;16;;17;9;;;;21;39;26;;;;;24;;1;102
1/05/2015;;2;1;4;87;12;42;;;37;46;106;20;31;19;9;22;;11;12;;18;8;;;4;17;42;26;;;;;24;;2;103
1/06/2015;;2;2;4;91;10;40;;;36;43;108;21;23;18;1;18;;11;13;;20;6;;;6;16;41;25;;;;;25;;2;102
1/07/2015;;3;3;4;84;8;36;;;32;39;100;20;20;18;35;16;;10;13;;20;8;;;6;19;39;27;;;;;24;;2;101
1/08/2015;;2;2;5;81;9;38;;;34;42;102;19;21;17;31;16;;13;13;;18;7;;;5;18;41;26;;;;;24;;1;102
1/09/2015;;2;2;6;71;8;34;;;32;41;101;19;20;16;27;13;;10;11;;20;7;;;6;19;37;24;;;;;24;;2;102
1/10/2015;;2;2;4;78;10;38;;;32;37;104;20;18;17;23;14;;9;12;;21;7;;;6;18;39;26;;;;;24;;2;104
1/11/2015;;2;1;6;79;12;36;;;30;36;101;20;13;14;19;14;;9;13;;19;9;;;8;18;38;26;;;;;26;;2;102
1/12/2015;;3;1;4;76;12;33;;;18;38;108;20;25;16;36;13;;11;12;;21;8;;;6;17;36;25;;11;;;24;;2;98
1/01/2016;;2;1;3;76;12;34;;;13;40;102;21;31;15;39;14;;12;12;;14;8;;;5;17;36;28;;8;;;24;;1;98
1/02/2016;;2;1;2;75;11;37;;;16;36;101;22;23;15;28;12;;11;12;;12;8;;;5;15;35;27;;4;;;21;;2;98
1/03/2016;;2;1;5;78;11;38;;;17;36;104;21;19;16;26;12;;11;13;;13;8;;;6;16;34;27;;4;;;21;;4;97
1/04/2016;;1;2;2;78;11;36;;;15;37;103;22;18;14;24;12;;11;12;;14;8;;;4;15;35;26;;3;;;20;;5;96
1/05/2016;;1;1;2;81;12;34;;;31;33;97;19;16;14;24;11;;10;11;;29;8;;;6;16;38;25;;3;;;21;;5;97
1/06/2016;;1;1;3;73;10;23;;;27;36;103;21;15;14;23;12;;11;10;;23;8;;;8;17;38;25;;3;;;20;;5;93
1/07/2016;;2;2;3;69;10;34;;;23;33;98;21;15;12;20;12;;11;11;;25;5;;;7;18;37;24;;3;;;19;;5;90
1/08/2016;;2;1;3;72;10;37;;;17;35;95;21;16;12;21;11;;10;12;;25;7;;;5;18;39;26;;2;;;18;;4;96
1/09/2016;;2;1;3;70;10;36;;;21;33;98;22;18;12;18;11;;10;13;;17;7;;;5;18;40;24;;2;;;20;;2;99
1/10/2016;;2;1;2;69;10;29;;;25;35;96;21;15;14;22;12;;9;11;;19;7;;;4;18;40;25;;2;;;20;;1;97
1/11/2016;;2;2;2;68;10;28;;;24;30;92;21;16;14;21;9;;10;12;;23;8;;;4;18;36;25;;4;;;21;;0;95
1/12/2016;;1;1;2;69;10;31;;;18;32;93;21;17;14;21;10;;11;12;;37;8;;;1;18;37;25;;1;;;21;;0;98
1/01/2017;;2;2;8;61;9;32;;;23;34;89;21;21;11;25;10;;10;11;;26;6;;;0;18;35;26;;4;;;20;;1;97
1/02/2017;;1;1;9;60;11;31;;;15;33;84;24;16;11;26;10;;8;11;;24;7;;;;17;34;25;;4;;;22;;1;106
1/03/2017;;1;1;9;61;13;32;;;22;30;80;23;13;7;15;15;;10;12;;23;7;;;;18;37;26;;4;;;22;;0;116
1/04/2017;;1;1;9;53;11;27;;;21;35;78;41;16;11;13;17;;10;12;;23;12;;;;14;34;26;;4;;;25;;1;127
1/05/2017;;1;1;9;56;11;29;;;21;31;78;25;14;15;12;14;;13;12;;20;10;;;;14;37;26;;0;;;26;;1;137
1/06/2017;;1;2;7;71;13;32;;;23;34;69;22;15;12;13;9;;10;12;;20;9;;;;14;36;26;;1;;;26;;1;146
1/07/2017;;2;1;2;78;12;33;;;27;31;67;21;14;11;18;6;;7;12;;18;8;;;;15;40;27;;0;;;25;;3;147
1/08/2017;;1;1;2;74;11;31;;;17;32;82;20;14;11;14;6;;8;13;;15;9;;;;16;40;27;;0;;;25;;4;147
1/09/2017;;2;1;3;77;17;30;;;18;40;77;20;12;10;12;4;;8;14;;15;9;;;;16;41;29;;4;;;25;;1;153
1/10/2017;;2;2;3;66;19;29;;;20;31;74;18;11;11;17;;;8;12;;10;9;;;;16;42;27;;3;;;26;;4;151
1/11/2017;;1;1;3;71;10;29;;;27;32;71;18;10;11;17;;;8;11;;17;7;;;;16;193;28;;;;;28;;;154
1/12/2017;;1;1;3;151;13;25;;;29;26;81;19;19;12;12;12;;11;108;;27;7;;;;16;258;28;;;;;31;;;145
1/01/2018;;2;1;3;122;13;24;;;29;31;76;17;18;12;10;9;;12;154;;27;7;;;;16;235;27;;;;;30;;;137
1/02/2018;;1;0;3;99;13;25;;;29;30;74;15;21;12;10;8;;11;163;;27;7;;;;16;196;27;;0;;;30;;;109
1/03/2018;;1;1;3;97;13;24;;;30;20;74;15;20;12;10;9;;9;138;;27;7;;;;16;168;27;;0;;;30;;;129
1/04/2018;;1;1;2;87;10;23;;;20;29;68;17;20;11;9;6;123;4;107;;27;7;;;;14;166;18;;;;;30;;;136
1/05/2018;;1;1;2;76;10;23;;;56;25;59;16;17;37;6;12;150;2;87;;28;8;;;;13;155;14;;;;;29;;;137
1/06/2018;;1;1;4;76;10;23;;;43;25;69;15;13;71;137;8;87;45;80;;12;11;;;;14;157;24;;;;;30;;;127
1/07/2018;;1;1;3;78;9;23;;;34;25;78;21;11;42;135;5;116;45;75;;21;8;;;;13;152;32;;;;;36;;;130
1/08/2018;;1;1;3;73;8;23;;;30;26;77;21;10;41;97;5;102;42;72;;19;8;;;;18;156;24;;;;;28;;;137
1/09/2018;;1;1;2;65;8;24;;;31;25;86;18;13;36;74;5;91;31;62;;18;9;;;;18;150;26;;;;;20;;;134
1/10/2018;;1;1;2;67;8;24;;;32;27;85;15;20;36;58;5;88;30;62;;17;7;;;;21;150;23;;;;;23;;;134
1/11/2018;;1;0;2;67;7;27;;;32;28;84;17;11;28;61;6;78;27;57;;16;9;;;;22;146;24;;;;;23;;;122
1/12/2018;;1;0;2;70;8;24;;;35;28;76;19;10;16;47;6;73;25;54;;14;9;;;;21;161;24;;;;;23;;;118
1/01/2019;;1;0;2;63;8;27;;;29;27;81;15;10;11;42;5;68;20;53;;15;8;;;;22;125;22;;;;;23;;;112
1/02/2019;;1;0;2;62;8;37;;;29;24;82;15;10;12;49;5;69;25;50;;16;6;;;;18;130;24;;;;;22;;;107
1/03/2019;;1;0;3;60;8;40;;;31;24;81;16;10;20;37;5;66;21;63;;16;7;;;8;14;141;23;;;;;21;;;104
1/04/2019;;1;0;3;58;8;41;;;30;28;81;18;12;20;41;5;63;20;69;;20;8;;;8;15;156;25;;;;;24;;;113
1/05/2019;;1;0;3;60;8;42;;;29;25;81;18;11;21;42;5;59;19;102;;21;7;;;7;15;151;24;;;;;25;;;105
1/06/2019;;1;0;3;57;7;42;;;29;23;79;18;10;20;40;5;55;19;137;;23;7;;;7;14;148;23;;;;;24;;;93
1/07/2019;;1;0;3;56;4;32;;;27;25;83;18;8;20;39;4;56;19;148;;24;7;;;7;14;150;23;;;;;26;;;91
1/08/2019;;1;0;3;72;4;25;;;26;24;74;16;10;17;37;5;46;18;144;;25;7;;;7;14;108;25;;;;;27;;;87
1/09/2019;;1;0;3;54;5;27;;;25;22;76;15;11;16;38;5;53;18;127;;24;7;;;7;14;103;26;;;;;24;;;94
1/10/2019;;1;0;3;53;5;27;;;27;22;77;11;10;16;41;5;48;16;126;;23;7;;;7;14;97;18;;;;;24;;;93
1/11/2019;;1;0;3;51;5;27;;;24;26;79;10;11;17;40;5;49;16;118;;24;7;;;7;15;96;20;;;;;24;;;91
1/12/2019;;1;0;3;51;5;27;;;28;25;81;10;11;17;44;5;47;11;108;;23;7;;;7;18;101;19;;;;;23;;;83
1/01/2020;;1;0;2;58;6;25;;;25;25;80;8;10;17;31;5;49;12;98;;22;7;;;9;12;103;22;;0;;;23;;;71
1/02/2020;;1;0;3;55;5;24;;;23;20;76;9;8;17;28;5;44;15;84;;20;7;;;5;10;89;8;;;;;20;;;72
1/03/2020;;1;0;3;49;5;24;;;27;21;77;10;9;22;34;5;45;13;66;;35;13;;;5;10;109;74;;3;;;15;;;62
1/04/2020;;1;0;3;56;6;24;;;28;20;77;10;9;20;33;5;44;14;73;;107;15;;;5;10;107;65;;11;;;16;;;67
1/05/2020;;1;0;3;50;9;24;;;23;14;72;11;11;16;38;5;43;14;82;;87;11;;;5;17;104;61;;11;;;18;;;65
1/06/2020;;1;0;3;52;9;25;;;24;14;74;11;0;16;34;5;42;14;82;;81;10;;;5;18;95;57;;11;;;24;;;62
1/07/2020;;1;0;3;49;9;24;;;25;20;72;11;;12;29;5;43;14;77;;74;9;;;5;18;91;60;;11;;;25;;;63
1/08/2020;;1;0;3;50;8;24;;;25;24;70;11;8;13;40;5;48;14;79;;70;7;;;6;20;93;59;;11;;;24;;;65
1/09/2020;;1;0;3;48;9;23;;;20;23;72;11;10;13;38;5;45;12;89;;68;7;;;7;20;105;56;;;;;30;;;64
1/10/2020;;1;0;3;51;9;25;;;23;21;69;9;10;13;31;5;37;12;84;;61;5;;;7;19;103;53;;;;;31;;;62
1/11/2020;;1;0;3;47;8;24;;;25;20;65;7;11;13;41;5;34;11;82;;59;6;;;7;19;105;52;;;;;31;;;61
1/12/2020;22;1;0;3;44;7;27;;;24;21;64;12;11;15;38;5;36;15;79;;52;5;;;7;19;108;50;;0;;;21;;;60
